{"directories":[],"views":[{"exclusiveModuleId":0,"gates":[{"id":213,"x":2,"y":7},{"id":212,"x":7,"y":8},{"id":211,"x":4,"y":8},{"id":210,"x":9,"y":10},{"id":209,"x":11,"y":5},{"id":208,"x":2,"y":5},{"id":199,"x":4,"y":3},{"id":198,"x":14,"y":11},{"id":197,"x":6,"y":3},{"id":196,"x":14,"y":6},{"id":195,"x":3,"y":10},{"id":194,"x":4,"y":5},{"id":193,"x":9,"y":1},{"id":192,"x":2,"y":3},{"id":207,"x":5,"y":6},{"id":206,"x":8,"y":11},{"id":205,"x":1,"y":12},{"id":204,"x":1,"y":4},{"id":203,"x":6,"y":5},{"id":202,"x":8,"y":12},{"id":201,"x":5,"y":12},{"id":200,"x":11,"y":7},{"id":183,"x":8,"y":3},{"id":182,"x":1,"y":1},{"id":181,"x":3,"y":2},{"id":180,"x":7,"y":13},{"id":179,"x":1,"y":13},{"id":178,"x":14,"y":13},{"id":177,"x":14,"y":8},{"id":176,"x":14,"y":1},{"id":191,"x":4,"y":2},{"id":190,"x":7,"y":1},{"id":189,"x":5,"y":11},{"id":188,"x":4,"y":4},{"id":187,"x":1,"y":6},{"id":186,"x":2,"y":1},{"id":185,"x":10,"y":8},{"id":184,"x":12,"y":4},{"id":167,"x":13,"y":11},{"id":166,"x":12,"y":2},{"id":165,"x":4,"y":1},{"id":164,"x":2,"y":4},{"id":163,"x":2,"y":14},{"id":162,"x":5,"y":2},{"id":161,"x":4,"y":6},{"id":160,"x":1,"y":14},{"id":175,"x":12,"y":8},{"id":174,"x":9,"y":5},{"id":173,"x":3,"y":13},{"id":172,"x":3,"y":6},{"id":171,"x":12,"y":1},{"id":170,"x":3,"y":12},{"id":169,"x":13,"y":1},{"id":168,"x":13,"y":6},{"id":151,"x":2,"y":10},{"id":150,"x":14,"y":12},{"id":149,"x":6,"y":11},{"id":148,"x":14,"y":10},{"id":147,"x":4,"y":11},{"id":146,"x":7,"y":11},{"id":145,"x":3,"y":11},{"id":144,"x":14,"y":9},{"id":159,"x":6,"y":2},{"id":158,"x":2,"y":8},{"id":157,"x":0,"y":14},{"id":156,"x":8,"y":2},{"id":155,"x":10,"y":2},{"id":154,"x":9,"y":7},{"id":153,"x":5,"y":9},{"id":152,"x":6,"y":9},{"id":135,"x":11,"y":9},{"id":134,"x":11,"y":6},{"id":133,"x":11,"y":4},{"id":132,"x":14,"y":3},{"id":131,"x":14,"y":2},{"id":130,"x":11,"y":3},{"id":129,"x":14,"y":0},{"id":128,"x":13,"y":13},{"id":143,"x":14,"y":7},{"id":142,"x":2,"y":11},{"id":141,"x":9,"y":11},{"id":140,"x":1,"y":11},{"id":139,"x":14,"y":5},{"id":138,"x":14,"y":4},{"id":137,"x":11,"y":10},{"id":136,"x":10,"y":11},{"id":119,"x":6,"y":10},{"id":118,"x":9,"y":13},{"id":117,"x":8,"y":13},{"id":116,"x":6,"y":13},{"id":115,"x":5,"y":10},{"id":114,"x":10,"y":10},{"id":113,"x":4,"y":10},{"id":112,"x":10,"y":9},{"id":127,"x":12,"y":13},{"id":126,"x":11,"y":2},{"id":125,"x":11,"y":8},{"id":124,"x":11,"y":1},{"id":123,"x":8,"y":10},{"id":122,"x":7,"y":10},{"id":121,"x":11,"y":13},{"id":120,"x":10,"y":13},{"id":103,"x":10,"y":6},{"id":102,"x":9,"y":9},{"id":101,"x":8,"y":9},{"id":100,"x":7,"y":9},{"id":99,"x":13,"y":10},{"id":98,"x":13,"y":9},{"id":97,"x":9,"y":8},{"id":96,"x":13,"y":8},{"id":111,"x":10,"y":7},{"id":110,"x":5,"y":13},{"id":109,"x":4,"y":13},{"id":108,"x":10,"y":5},{"id":107,"x":2,"y":13},{"id":106,"x":0,"y":13},{"id":105,"x":13,"y":12},{"id":104,"x":10,"y":4},{"id":87,"x":13,"y":3},{"id":86,"x":8,"y":7},{"id":85,"x":13,"y":2},{"id":84,"x":13,"y":0},{"id":83,"x":12,"y":12},{"id":82,"x":8,"y":6},{"id":81,"x":8,"y":5},{"id":80,"x":8,"y":4},{"id":95,"x":13,"y":7},{"id":94,"x":13,"y":5},{"id":93,"x":9,"y":6},{"id":92,"x":10,"y":3},{"id":91,"x":9,"y":4},{"id":90,"x":9,"y":3},{"id":89,"x":9,"y":2},{"id":88,"x":13,"y":4},{"id":71,"x":4,"y":7},{"id":70,"x":3,"y":8},{"id":69,"x":3,"y":7},{"id":68,"x":7,"y":6},{"id":67,"x":7,"y":5},{"id":66,"x":4,"y":12},{"id":65,"x":2,"y":12},{"id":64,"x":7,"y":4},{"id":79,"x":7,"y":7},{"id":78,"x":6,"y":7},{"id":77,"x":11,"y":12},{"id":76,"x":10,"y":12},{"id":75,"x":5,"y":7},{"id":74,"x":9,"y":12},{"id":73,"x":7,"y":12},{"id":72,"x":6,"y":12},{"id":55,"x":12,"y":9},{"id":54,"x":12,"y":7},{"id":53,"x":3,"y":4},{"id":52,"x":12,"y":6},{"id":51,"x":12,"y":5},{"id":50,"x":12,"y":3},{"id":49,"x":3,"y":3},{"id":48,"x":1,"y":3},{"id":63,"x":0,"y":12},{"id":62,"x":12,"y":11},{"id":61,"x":12,"y":10},{"id":60,"x":7,"y":3},{"id":59,"x":6,"y":6},{"id":58,"x":6,"y":4},{"id":57,"x":5,"y":5},{"id":56,"x":3,"y":5},{"id":39,"x":2,"y":6},{"id":38,"x":7,"y":2},{"id":37,"x":1,"y":7},{"id":36,"x":8,"y":1},{"id":35,"x":1,"y":8},{"id":34,"x":10,"y":1},{"id":33,"x":12,"y":0},{"id":32,"x":8,"y":8},{"id":47,"x":3,"y":1},{"id":46,"x":2,"y":2},{"id":45,"x":1,"y":2},{"id":44,"x":5,"y":1},{"id":43,"x":5,"y":4},{"id":42,"x":5,"y":3},{"id":41,"x":1,"y":5},{"id":40,"x":6,"y":1},{"id":23,"x":1,"y":9},{"id":22,"x":1,"y":10},{"id":21,"x":0,"y":10},{"id":20,"x":10,"y":0},{"id":19,"x":0,"y":9},{"id":18,"x":9,"y":0},{"id":17,"x":0,"y":8},{"id":16,"x":8,"y":0},{"id":31,"x":6,"y":8},{"id":30,"x":11,"y":11},{"id":29,"x":5,"y":8},{"id":28,"x":4,"y":9},{"id":27,"x":0,"y":11},{"id":26,"x":3,"y":9},{"id":25,"x":2,"y":9},{"id":24,"x":11,"y":0},{"id":7,"x":0,"y":3},{"id":6,"x":3,"y":0},{"id":5,"x":0,"y":2},{"id":4,"x":2,"y":0},{"id":3,"x":0,"y":1},{"id":2,"x":1,"y":0},{"id":1,"x":0,"y":0},{"id":15,"x":0,"y":7},{"id":14,"x":7,"y":0},{"id":13,"x":0,"y":6},{"id":12,"x":6,"y":0},{"id":11,"x":0,"y":5},{"id":10,"x":5,"y":0},{"id":9,"x":0,"y":4},{"id":8,"x":4,"y":0}],"id":2,"modules":[],"name":"top_module","nets":[{"id":275},{"id":274},{"id":273},{"id":272},{"id":287},{"id":286},{"id":285},{"id":284},{"id":283},{"id":282},{"id":281},{"id":280},{"id":263},{"id":262},{"id":261},{"id":260},{"id":259},{"id":258},{"id":257},{"id":256},{"id":271},{"id":270},{"id":269},{"id":268},{"id":267},{"id":266},{"id":265},{"id":264},{"id":247},{"id":246},{"id":245},{"id":244},{"id":243},{"id":242},{"id":241},{"id":240},{"id":255},{"id":254},{"id":253},{"id":252},{"id":251},{"id":250},{"id":249},{"id":248},{"id":231},{"id":230},{"id":229},{"id":228},{"id":227},{"id":226},{"id":225},{"id":224},{"id":239},{"id":238},{"id":237},{"id":236},{"id":235},{"id":234},{"id":233},{"id":232},{"id":215},{"id":214},{"id":213},{"id":212},{"id":211},{"id":210},{"id":209},{"id":208},{"id":223},{"id":222},{"id":221},{"id":220},{"id":219},{"id":218},{"id":217},{"id":216},{"id":199},{"id":198},{"id":197},{"id":196},{"id":195},{"id":194},{"id":193},{"id":192},{"id":207},{"id":206},{"id":205},{"id":204},{"id":203},{"id":202},{"id":201},{"id":200},{"id":183},{"id":182},{"id":181},{"id":180},{"id":179},{"id":178},{"id":177},{"id":176},{"id":191},{"id":190},{"id":189},{"id":188},{"id":187},{"id":186},{"id":185},{"id":184},{"id":167},{"id":166},{"id":165},{"id":164},{"id":163},{"id":162},{"id":161},{"id":160},{"id":175},{"id":174},{"id":173},{"id":172},{"id":171},{"id":170},{"id":169},{"id":168},{"id":151},{"id":150},{"id":149},{"id":148},{"id":147},{"id":159},{"id":158},{"id":157},{"id":156},{"id":155},{"id":154},{"id":153},{"id":152},{"id":471},{"id":470},{"id":469},{"id":468},{"id":467},{"id":466},{"id":465},{"id":464},{"id":455},{"id":454},{"id":453},{"id":452},{"id":451},{"id":450},{"id":449},{"id":448},{"id":463},{"id":462},{"id":461},{"id":460},{"id":459},{"id":458},{"id":457},{"id":456},{"id":439},{"id":438},{"id":437},{"id":436},{"id":435},{"id":434},{"id":433},{"id":432},{"id":447},{"id":446},{"id":445},{"id":444},{"id":443},{"id":442},{"id":441},{"id":440},{"id":423},{"id":422},{"id":421},{"id":420},{"id":419},{"id":418},{"id":417},{"id":416},{"id":431},{"id":430},{"id":429},{"id":428},{"id":427},{"id":426},{"id":425},{"id":424},{"id":407},{"id":406},{"id":405},{"id":404},{"id":403},{"id":402},{"id":401},{"id":400},{"id":415},{"id":414},{"id":413},{"id":412},{"id":411},{"id":410},{"id":409},{"id":408},{"id":391},{"id":390},{"id":389},{"id":388},{"id":387},{"id":386},{"id":385},{"id":384},{"id":399},{"id":398},{"id":397},{"id":396},{"id":395},{"id":394},{"id":393},{"id":392},{"id":375},{"id":374},{"id":373},{"id":372},{"id":371},{"id":370},{"id":369},{"id":368},{"id":383},{"id":382},{"id":381},{"id":380},{"id":379},{"id":378},{"id":377},{"id":376},{"id":359},{"id":358},{"id":357},{"id":356},{"id":355},{"id":354},{"id":353},{"id":352},{"id":367},{"id":366},{"id":365},{"id":364},{"id":363},{"id":362},{"id":361},{"id":360},{"id":343},{"id":342},{"id":341},{"id":340},{"id":339},{"id":338},{"id":337},{"id":336},{"id":351},{"id":350},{"id":349},{"id":348},{"id":347},{"id":346},{"id":345},{"id":344},{"id":327},{"id":326},{"id":325},{"id":324},{"id":323},{"id":322},{"id":321},{"id":320},{"id":335},{"id":334},{"id":333},{"id":332},{"id":331},{"id":330},{"id":329},{"id":328},{"id":311},{"id":310},{"id":309},{"id":308},{"id":307},{"id":306},{"id":305},{"id":304},{"id":319},{"id":318},{"id":317},{"id":316},{"id":315},{"id":314},{"id":313},{"id":312},{"id":295},{"id":294},{"id":293},{"id":292},{"id":291},{"id":290},{"id":289},{"id":288},{"id":303},{"id":302},{"id":301},{"id":300},{"id":299},{"id":298},{"id":297},{"id":296},{"id":279},{"id":278},{"id":277},{"id":276}],"parentId":0,"timestamp":"sáb. mar. 22 23:52:19 2025","visible":0},{"exclusiveModuleId":1,"gates":[],"id":1,"modules":[{"id":1,"x":0,"y":0}],"name":"top_module (ID: 1)","nets":[{"id":471},{"id":470},{"id":469},{"id":468},{"id":467},{"id":466},{"id":465},{"id":464},{"id":455},{"id":454},{"id":453},{"id":452},{"id":451},{"id":450},{"id":449},{"id":448},{"id":463},{"id":462},{"id":461},{"id":460},{"id":459},{"id":458},{"id":457},{"id":456},{"id":439},{"id":438},{"id":437},{"id":436},{"id":435},{"id":434},{"id":433},{"id":432},{"id":447},{"id":446},{"id":445},{"id":444},{"id":443},{"id":442},{"id":441},{"id":440},{"id":423},{"id":422},{"id":421},{"id":420},{"id":419},{"id":418},{"id":417},{"id":416},{"id":431},{"id":430},{"id":429},{"id":428},{"id":427},{"id":426},{"id":425},{"id":424},{"id":407},{"id":406},{"id":405},{"id":404},{"id":403},{"id":402},{"id":401},{"id":400},{"id":415},{"id":414},{"id":413},{"id":412},{"id":411},{"id":410},{"id":409},{"id":408},{"id":391},{"id":390},{"id":389},{"id":388},{"id":387},{"id":386},{"id":385},{"id":384},{"id":399},{"id":398},{"id":397},{"id":396},{"id":395},{"id":394},{"id":393},{"id":392},{"id":375},{"id":374},{"id":373},{"id":372},{"id":371},{"id":370},{"id":369},{"id":368},{"id":383},{"id":382},{"id":381},{"id":380},{"id":379},{"id":378},{"id":377},{"id":376},{"id":359},{"id":358},{"id":357},{"id":356},{"id":355},{"id":354},{"id":353},{"id":352},{"id":367},{"id":366},{"id":365},{"id":364},{"id":363},{"id":362},{"id":361},{"id":360},{"id":343},{"id":342},{"id":341},{"id":340},{"id":339},{"id":338},{"id":337},{"id":336},{"id":351},{"id":350},{"id":349},{"id":348},{"id":347},{"id":346},{"id":345},{"id":344},{"id":335},{"id":334},{"id":333},{"id":332},{"id":331},{"id":330},{"id":329},{"id":328}],"parentId":0,"timestamp":"sáb. mar. 22 23:50:02 2025","visible":2},{"exclusiveModuleId":0,"gates":[{"id":150,"x":1,"y":0},{"id":178,"x":2,"y":0},{"id":20,"x":1,"y":-1}],"id":5,"modules":[],"name":"Isolated View 1","nets":[{"id":392},{"id":436},{"id":163},{"id":328},{"id":360},{"id":292}],"parentId":0,"timestamp":"sáb. mar. 22 23:56:05 2025","visible":0},{"exclusiveModuleId":0,"gates":[{"id":87,"x":1,"y":-1},{"id":93,"x":4,"y":1},{"id":92,"x":2,"y":0},{"id":91,"x":2,"y":1},{"id":174,"x":3,"y":1},{"id":88,"x":1,"y":0}],"id":14,"modules":[],"name":"Isolated View 10","nets":[{"id":288},{"id":348},{"id":380},{"id":228},{"id":432},{"id":227},{"id":226},{"id":412},{"id":223},{"id":224}],"parentId":0,"timestamp":"dom. mar. 23 00:23:12 2025","visible":0},{"exclusiveModuleId":0,"gates":[{"id":205,"x":2,"y":0},{"id":70,"x":2,"y":3},{"id":68,"x":3,"y":0},{"id":67,"x":2,"y":2},{"id":201,"x":1,"y":3},{"id":66,"x":0,"y":3},{"id":63,"x":1,"y":1},{"id":64,"x":2,"y":1},{"id":62,"x":1,"y":0},{"id":61,"x":1,"y":-1},{"id":60,"x":1,"y":2},{"id":213,"x":4,"y":0}],"id":19,"modules":[],"name":"Isolated View 4","nets":[{"id":319},{"id":207},{"id":375},{"id":206},{"id":204},{"id":315},{"id":463},{"id":203},{"id":202},{"id":201},{"id":407},{"id":459},{"id":200},{"id":344},{"id":327},{"id":376},{"id":471},{"id":208},{"id":408},{"id":196},{"id":343}],"parentId":0,"timestamp":"dom. mar. 23 00:34:37 2025","visible":0},{"exclusiveModuleId":0,"gates":[{"id":19,"x":1,"y":1},{"id":151,"x":2,"y":0},{"id":195,"x":3,"y":0},{"id":23,"x":3,"y":1},{"id":22,"x":2,"y":1},{"id":21,"x":1,"y":0}],"id":17,"modules":[],"name":"Isolated View 3","nets":[{"id":166},{"id":165},{"id":164},{"id":453},{"id":163},{"id":162},{"id":329},{"id":361},{"id":309},{"id":393}],"parentId":0,"timestamp":"dom. mar. 23 00:31:33 2025","visible":0}]}